ID,性别,常用app
1,女,微信、小红书、Ins、菜鸟、知到
2,女,微信、小红书、淘宝、bilibili
3,女,夸克、B站、知乎、qq、微信
4,女,微信、哔哩哔哩、明日方舟、淘宝、微北洋
5,女,微信、QQ、菜鸟、知到、知乎、bilibili、爱奇艺、淘宝
6,男,微信、QQ、抖音、12306、知到、网易云
7,男,Qq、微信、bilibili、知到、刺猬猫、美团
8,男,Qq、微信、B站、京东、高德地图
9,男,微信、QQ、淘宝、B站、扇贝单词
10,男,微信、QQ、B站、原神