name,label
0.data,1.0
1.data,1.0
2.data,1.0
3.data,1.0
4.data,1.0
5.data,1.0
6.data,1.0
7.data,0.0
8.data,0.0
9.data,1.0
10.data,0.0
11.data,0.0
12.data,1.0
13.data,0.0
14.data,1.0
15.data,0.0
16.data,0.0
17.data,1.0
18.data,1.0
19.data,1.0
20.data,1.0
21.data,0.0
22.data,0.0
23.data,1.0
24.data,0.0
25.data,1.0
26.data,1.0
27.data,1.0
28.data,1.0
29.data,1.0
30.data,0.0
31.data,1.0
32.data,1.0
33.data,1.0
34.data,1.0
35.data,1.0
36.data,0.0
37.data,0.0
38.data,0.0
39.data,1.0
40.data,1.0
41.data,1.0
42.data,0.0
43.data,0.0
44.data,0.0
45.data,1.0
46.data,1.0
47.data,1.0
48.data,1.0
49.data,1.0
50.data,1.0
51.data,1.0
52.data,1.0
53.data,1.0
54.data,1.0
55.data,1.0
56.data,1.0
57.data,1.0
58.data,1.0
59.data,1.0
60.data,1.0
61.data,1.0
62.data,1.0
63.data,1.0
64.data,0.0
65.data,1.0
66.data,1.0
67.data,1.0
68.data,0.0
69.data,0.0
70.data,1.0
71.data,1.0
72.data,0.0
73.data,1.0
74.data,0.0
75.data,0.0
76.data,1.0
77.data,0.0
78.data,0.0
79.data,1.0
80.data,1.0
81.data,1.0
82.data,1.0
83.data,0.0
84.data,0.0
85.data,0.0
86.data,1.0
87.data,1.0
88.data,0.0
89.data,1.0
90.data,1.0
91.data,0.0
92.data,0.0
93.data,1.0
94.data,0.0
95.data,1.0
96.data,1.0
97.data,1.0
98.data,1.0
99.data,1.0
100.data,0.0
101.data,1.0
102.data,1.0
103.data,1.0
104.data,0.0
105.data,0.0
106.data,0.0
107.data,1.0
108.data,0.0
109.data,1.0
110.data,1.0
111.data,1.0
112.data,0.0
113.data,0.0
114.data,1.0
115.data,1.0
116.data,0.0
117.data,0.0
118.data,1.0
119.data,1.0
120.data,1.0
121.data,1.0
122.data,0.0
123.data,1.0
124.data,1.0
125.data,1.0
126.data,0.0
127.data,1.0
128.data,0.0
129.data,0.0
130.data,1.0
131.data,1.0
132.data,1.0
133.data,1.0
134.data,1.0
135.data,1.0
136.data,1.0
137.data,0.0
138.data,1.0
139.data,1.0
140.data,0.0
141.data,1.0
142.data,1.0
143.data,0.0
144.data,1.0
145.data,0.0
146.data,0.0
147.data,0.0
148.data,1.0
149.data,1.0
150.data,0.0
151.data,1.0
